-- phpMyAdmin SQL Dump
-- version 4.5.1
-- http://www.phpmyadmin.net
--
-- Host: 127.0.0.1
-- Generation Time: Oct 10, 2019 at 08:31 PM
-- Server version: 10.1.13-MariaDB
-- PHP Version: 7.0.8

SET SQL_MODE = "NO_AUTO_VALUE_ON_ZERO";
SET time_zone = "+00:00";


/*!40101 SET @OLD_CHARACTER_SET_CLIENT=@@CHARACTER_SET_CLIENT */;
/*!40101 SET @OLD_CHARACTER_SET_RESULTS=@@CHARACTER_SET_RESULTS */;
/*!40101 SET @OLD_COLLATION_CONNECTION=@@COLLATION_CONNECTION */;
/*!40101 SET NAMES utf8mb4 */;

--
-- Database: `ams`
--

-- --------------------------------------------------------

--
-- Table structure for table `attendance`
--

CREATE TABLE `attendance` (
  `student_id` int(11) NOT NULL,
  `teacher_id` int(11) NOT NULL,
  `subject_id` int(11) NOT NULL,
  `dt` datetime NOT NULL,
  `status` int(1) NOT NULL DEFAULT '0',
  `class_id` int(11) NOT NULL,
  `batch_id` int(11) NOT NULL
) ENGINE=InnoDB DEFAULT CHARSET=latin1;

--
-- Dumping data for table `attendance`
--

INSERT INTO `attendance` (`student_id`, `teacher_id`, `subject_id`, `dt`, `status`, `class_id`, `batch_id`) VALUES
(1, 1, 4, '2019-10-08 22:33:42', 1, 1, 1),
(2, 1, 4, '2019-10-08 22:33:42', 1, 1, 1),
(3, 1, 4, '2019-10-08 22:33:42', 1, 1, 1),
(4, 1, 4, '2019-10-08 22:33:42', 1, 1, 1),
(5, 1, 4, '2019-10-08 22:33:42', 1, 1, 1),
(6, 1, 4, '2019-10-08 22:33:42', 1, 1, 1),
(7, 1, 4, '2019-10-08 22:33:42', 1, 1, 1),
(8, 1, 4, '2019-10-08 22:33:42', 1, 1, 1),
(9, 1, 4, '2019-10-08 22:33:42', 1, 1, 1),
(10, 1, 4, '2019-10-08 22:33:42', 1, 1, 1),
(11, 1, 4, '2019-10-08 22:33:42', 1, 1, 1),
(12, 1, 4, '2019-10-08 22:33:42', 1, 1, 1),
(13, 1, 4, '2019-10-08 22:33:42', 1, 1, 2),
(14, 1, 4, '2019-10-08 22:33:42', 1, 1, 2),
(15, 1, 4, '2019-10-08 22:33:42', 1, 1, 2),
(16, 1, 4, '2019-10-08 22:33:42', 1, 1, 2),
(17, 1, 4, '2019-10-08 22:33:42', 1, 1, 2),
(18, 1, 4, '2019-10-08 22:33:42', 1, 1, 2),
(19, 1, 4, '2019-10-08 22:33:42', 1, 1, 2),
(20, 1, 4, '2019-10-08 22:33:42', 1, 1, 2),
(21, 1, 4, '2019-10-08 22:33:42', 1, 1, 2),
(22, 1, 4, '2019-10-08 22:33:42', 1, 1, 2),
(23, 1, 4, '2019-10-08 22:33:42', 1, 1, 2),
(24, 1, 4, '2019-10-08 22:33:42', 1, 1, 3),
(25, 1, 4, '2019-10-08 22:33:42', 1, 1, 3),
(26, 1, 4, '2019-10-08 22:33:42', 1, 1, 3),
(27, 1, 4, '2019-10-08 22:33:42', 1, 1, 3),
(28, 1, 4, '2019-10-08 22:33:42', 1, 1, 3),
(29, 1, 4, '2019-10-08 22:33:42', 1, 1, 3),
(30, 1, 4, '2019-10-08 22:33:42', 1, 1, 3),
(31, 1, 4, '2019-10-08 22:33:42', 1, 1, 3),
(32, 1, 4, '2019-10-08 22:33:42', 1, 1, 3),
(33, 1, 4, '2019-10-08 22:33:42', 1, 1, 3),
(34, 1, 4, '2019-10-08 22:33:42', 1, 1, 3),
(35, 1, 4, '2019-10-08 22:33:42', 1, 1, 3),
(36, 1, 4, '2019-10-08 22:33:42', 1, 1, 3),
(37, 1, 4, '2019-10-08 22:33:42', 1, 1, 4),
(38, 1, 4, '2019-10-08 22:33:42', 1, 1, 4),
(39, 1, 4, '2019-10-08 22:33:42', 1, 1, 4),
(40, 1, 4, '2019-10-08 22:33:42', 1, 1, 4),
(41, 1, 4, '2019-10-08 22:33:42', 1, 1, 4),
(42, 1, 4, '2019-10-08 22:33:42', 1, 1, 4),
(43, 1, 4, '2019-10-08 22:33:42', 1, 1, 4),
(44, 1, 4, '2019-10-08 22:33:42', 1, 1, 4),
(45, 1, 4, '2019-10-08 22:33:42', 1, 1, 4),
(46, 1, 4, '2019-10-08 22:33:42', 1, 1, 4),
(47, 1, 4, '2019-10-08 22:33:42', 1, 1, 4),
(48, 1, 4, '2019-10-08 22:33:42', 1, 1, 4),
(1, 1, 4, '2019-10-08 23:53:58', 1, 1, 1),
(2, 1, 4, '2019-10-08 23:53:58', 1, 1, 1),
(3, 1, 4, '2019-10-08 23:53:58', 1, 1, 1),
(4, 1, 4, '2019-10-08 23:53:58', 1, 1, 1),
(5, 1, 4, '2019-10-08 23:53:58', 1, 1, 1),
(6, 1, 4, '2019-10-08 23:53:58', 1, 1, 1),
(7, 1, 4, '2019-10-08 23:53:58', 1, 1, 1),
(8, 1, 4, '2019-10-08 23:53:58', 1, 1, 1),
(9, 1, 4, '2019-10-08 23:53:58', 1, 1, 1),
(10, 1, 4, '2019-10-08 23:53:58', 1, 1, 1),
(11, 1, 4, '2019-10-08 23:53:58', 1, 1, 1),
(12, 1, 4, '2019-10-08 23:53:58', 1, 1, 1),
(13, 1, 4, '2019-10-08 23:53:58', 1, 1, 2),
(14, 1, 4, '2019-10-08 23:53:58', 1, 1, 2),
(15, 1, 4, '2019-10-08 23:53:58', 1, 1, 2),
(16, 1, 4, '2019-10-08 23:53:58', 1, 1, 2),
(17, 1, 4, '2019-10-08 23:53:58', 1, 1, 2),
(18, 1, 4, '2019-10-08 23:53:58', 1, 1, 2),
(19, 1, 4, '2019-10-08 23:53:58', 1, 1, 2),
(20, 1, 4, '2019-10-08 23:53:58', 1, 1, 2),
(21, 1, 4, '2019-10-08 23:53:58', 1, 1, 2),
(22, 1, 4, '2019-10-08 23:53:58', 1, 1, 2),
(23, 1, 4, '2019-10-08 23:53:58', 1, 1, 2),
(24, 1, 4, '2019-10-08 23:53:58', 1, 1, 3),
(25, 1, 4, '2019-10-08 23:53:58', 1, 1, 3),
(26, 1, 4, '2019-10-08 23:53:58', 1, 1, 3),
(27, 1, 4, '2019-10-08 23:53:58', 1, 1, 3),
(28, 1, 4, '2019-10-08 23:53:58', 1, 1, 3),
(29, 1, 4, '2019-10-08 23:53:58', 1, 1, 3),
(30, 1, 4, '2019-10-08 23:53:58', 1, 1, 3),
(31, 1, 4, '2019-10-08 23:53:58', 1, 1, 3),
(32, 1, 4, '2019-10-08 23:53:58', 1, 1, 3),
(33, 1, 4, '2019-10-08 23:53:58', 1, 1, 3),
(34, 1, 4, '2019-10-08 23:53:58', 1, 1, 3),
(35, 1, 4, '2019-10-08 23:53:58', 1, 1, 3),
(36, 1, 4, '2019-10-08 23:53:58', 1, 1, 3),
(37, 1, 4, '2019-10-08 23:53:58', 1, 1, 4),
(38, 1, 4, '2019-10-08 23:53:58', 1, 1, 4),
(39, 1, 4, '2019-10-08 23:53:58', 1, 1, 4),
(40, 1, 4, '2019-10-08 23:53:58', 1, 1, 4),
(41, 1, 4, '2019-10-08 23:53:58', 1, 1, 4),
(42, 1, 4, '2019-10-08 23:53:58', 1, 1, 4),
(43, 1, 4, '2019-10-08 23:53:58', 1, 1, 4),
(44, 1, 4, '2019-10-08 23:53:58', 1, 1, 4),
(45, 1, 4, '2019-10-08 23:53:58', 1, 1, 4),
(46, 1, 4, '2019-10-08 23:53:58', 1, 1, 4),
(47, 1, 4, '2019-10-08 23:53:58', 1, 1, 4),
(48, 1, 4, '2019-10-08 23:53:58', 1, 1, 4),
(1, 1, 4, '2019-10-10 23:43:28', 0, 1, 1),
(2, 1, 4, '2019-10-10 23:43:28', 0, 1, 1),
(3, 1, 4, '2019-10-10 23:43:28', 1, 1, 1),
(4, 1, 4, '2019-10-10 23:43:28', 1, 1, 1),
(5, 1, 4, '2019-10-10 23:43:28', 1, 1, 1),
(6, 1, 4, '2019-10-10 23:43:28', 1, 1, 1),
(7, 1, 4, '2019-10-10 23:43:28', 1, 1, 1),
(8, 1, 4, '2019-10-10 23:43:28', 1, 1, 1),
(9, 1, 4, '2019-10-10 23:43:28', 1, 1, 1),
(10, 1, 4, '2019-10-10 23:43:28', 1, 1, 1),
(11, 1, 4, '2019-10-10 23:43:28', 1, 1, 1),
(12, 1, 4, '2019-10-10 23:43:28', 1, 1, 1),
(13, 1, 4, '2019-10-10 23:43:28', 1, 1, 2),
(14, 1, 4, '2019-10-10 23:43:28', 1, 1, 2),
(15, 1, 4, '2019-10-10 23:43:28', 1, 1, 2),
(16, 1, 4, '2019-10-10 23:43:28', 1, 1, 2),
(17, 1, 4, '2019-10-10 23:43:28', 1, 1, 2),
(18, 1, 4, '2019-10-10 23:43:28', 1, 1, 2),
(19, 1, 4, '2019-10-10 23:43:28', 1, 1, 2),
(20, 1, 4, '2019-10-10 23:43:28', 1, 1, 2),
(21, 1, 4, '2019-10-10 23:43:28', 1, 1, 2),
(22, 1, 4, '2019-10-10 23:43:28', 1, 1, 2),
(23, 1, 4, '2019-10-10 23:43:28', 1, 1, 2),
(24, 1, 4, '2019-10-10 23:43:28', 1, 1, 3),
(25, 1, 4, '2019-10-10 23:43:28', 1, 1, 3),
(26, 1, 4, '2019-10-10 23:43:28', 1, 1, 3),
(27, 1, 4, '2019-10-10 23:43:28', 1, 1, 3),
(28, 1, 4, '2019-10-10 23:43:28', 1, 1, 3),
(29, 1, 4, '2019-10-10 23:43:28', 1, 1, 3),
(30, 1, 4, '2019-10-10 23:43:28', 1, 1, 3),
(31, 1, 4, '2019-10-10 23:43:28', 1, 1, 3),
(32, 1, 4, '2019-10-10 23:43:28', 1, 1, 3),
(33, 1, 4, '2019-10-10 23:43:28', 1, 1, 3),
(34, 1, 4, '2019-10-10 23:43:28', 1, 1, 3),
(35, 1, 4, '2019-10-10 23:43:28', 1, 1, 3),
(36, 1, 4, '2019-10-10 23:43:28', 1, 1, 3),
(37, 1, 4, '2019-10-10 23:43:28', 1, 1, 4),
(38, 1, 4, '2019-10-10 23:43:28', 1, 1, 4),
(39, 1, 4, '2019-10-10 23:43:28', 1, 1, 4),
(40, 1, 4, '2019-10-10 23:43:28', 1, 1, 4),
(41, 1, 4, '2019-10-10 23:43:28', 1, 1, 4),
(42, 1, 4, '2019-10-10 23:43:28', 1, 1, 4),
(43, 1, 4, '2019-10-10 23:43:28', 1, 1, 4),
(44, 1, 4, '2019-10-10 23:43:28', 1, 1, 4),
(45, 1, 4, '2019-10-10 23:43:28', 1, 1, 4),
(46, 1, 4, '2019-10-10 23:43:28', 1, 1, 4),
(47, 1, 4, '2019-10-10 23:43:28', 1, 1, 4),
(48, 1, 4, '2019-10-10 23:43:28', 1, 1, 4);

-- --------------------------------------------------------

--
-- Table structure for table `batch`
--

CREATE TABLE `batch` (
  `batch_id` int(11) NOT NULL,
  `class_id` int(11) NOT NULL,
  `batch_name` varchar(255) NOT NULL,
  `deleted` int(1) NOT NULL,
  `created_at` datetime NOT NULL DEFAULT CURRENT_TIMESTAMP,
  `deleted_at` datetime NOT NULL,
  `created_by` int(11) NOT NULL,
  `deleted_by` int(11) NOT NULL
) ENGINE=InnoDB DEFAULT CHARSET=latin1;

--
-- Dumping data for table `batch`
--

INSERT INTO `batch` (`batch_id`, `class_id`, `batch_name`, `deleted`, `created_at`, `deleted_at`, `created_by`, `deleted_by`) VALUES
(1, 1, 'c11', 0, '2019-04-26 15:18:41', '0000-00-00 00:00:00', 1, 0),
(2, 1, 'c12', 0, '2019-04-26 15:18:41', '0000-00-00 00:00:00', 1, 0),
(3, 1, 'c13', 0, '2019-04-26 15:18:41', '0000-00-00 00:00:00', 1, 0),
(4, 1, 'c14', 0, '2019-04-26 15:18:41', '0000-00-00 00:00:00', 1, 0),
(5, 2, 'c21', 0, '2019-04-26 15:18:41', '0000-00-00 00:00:00', 1, 0),
(6, 2, 'c22', 0, '2019-04-26 15:18:41', '0000-00-00 00:00:00', 1, 0),
(7, 2, 'c23', 0, '2019-04-26 15:18:41', '0000-00-00 00:00:00', 1, 0),
(8, 2, 'c24', 0, '2019-04-26 15:18:41', '0000-00-00 00:00:00', 1, 0),
(9, 3, 'i11', 0, '2019-04-26 15:18:41', '0000-00-00 00:00:00', 1, 0),
(10, 3, 'i12', 0, '2019-04-26 15:18:41', '0000-00-00 00:00:00', 1, 0),
(11, 4, 'i21', 0, '2019-04-26 15:18:41', '0000-00-00 00:00:00', 1, 0),
(12, 4, 'i22', 0, '2019-04-26 15:18:41', '0000-00-00 00:00:00', 1, 0);

-- --------------------------------------------------------

--
-- Table structure for table `branch`
--

CREATE TABLE `branch` (
  `branch_id` int(11) NOT NULL,
  `branch` varchar(255) NOT NULL,
  `deleted` int(1) NOT NULL,
  `created_at` datetime NOT NULL,
  `updated_at` datetime NOT NULL,
  `deleted_at` datetime NOT NULL,
  `created_by` int(11) NOT NULL,
  `updated_by` int(11) NOT NULL,
  `deleted_by` int(11) NOT NULL
) ENGINE=InnoDB DEFAULT CHARSET=latin1;

--
-- Dumping data for table `branch`
--

INSERT INTO `branch` (`branch_id`, `branch`, `deleted`, `created_at`, `updated_at`, `deleted_at`, `created_by`, `updated_by`, `deleted_by`) VALUES
(1, 'information technology', 0, '2019-04-25 15:02:41', '0000-00-00 00:00:00', '0000-00-00 00:00:00', 1, 0, 0),
(2, 'computers', 0, '2019-04-25 15:02:41', '0000-00-00 00:00:00', '0000-00-00 00:00:00', 1, 0, 0),
(3, 'electronics', 0, '2019-04-25 15:02:41', '0000-00-00 00:00:00', '0000-00-00 00:00:00', 1, 0, 0),
(4, 'production', 0, '2019-04-25 15:02:41', '0000-00-00 00:00:00', '0000-00-00 00:00:00', 1, 0, 0),
(5, 'chemical', 0, '2019-04-25 15:02:41', '0000-00-00 00:00:00', '0000-00-00 00:00:00', 1, 0, 0);

-- --------------------------------------------------------

--
-- Table structure for table `class`
--

CREATE TABLE `class` (
  `class_id` int(11) NOT NULL,
  `branch_id` int(11) NOT NULL,
  `sem_no` int(2) NOT NULL,
  `classname` varchar(50) NOT NULL,
  `deleted` int(1) NOT NULL,
  `created_at` datetime NOT NULL,
  `updated_at` datetime NOT NULL,
  `deleted_at` datetime NOT NULL,
  `created_by` int(11) NOT NULL,
  `updated_by` int(1) NOT NULL,
  `deleted_by` int(1) NOT NULL
) ENGINE=InnoDB DEFAULT CHARSET=latin1;

--
-- Dumping data for table `class`
--

INSERT INTO `class` (`class_id`, `branch_id`, `sem_no`, `classname`, `deleted`, `created_at`, `updated_at`, `deleted_at`, `created_by`, `updated_by`, `deleted_by`) VALUES
(1, 2, 3, 'coms1', 0, '2019-04-26 15:11:00', '0000-00-00 00:00:00', '0000-00-00 00:00:00', 1, 0, 0),
(2, 2, 3, 'coms2', 0, '2019-04-26 15:11:00', '0000-00-00 00:00:00', '0000-00-00 00:00:00', 1, 0, 0),
(3, 1, 3, 'it1', 0, '2019-04-26 15:11:00', '0000-00-00 00:00:00', '0000-00-00 00:00:00', 1, 0, 0),
(4, 1, 3, 'it2', 0, '2019-04-26 15:11:00', '0000-00-00 00:00:00', '0000-00-00 00:00:00', 1, 0, 0);

-- --------------------------------------------------------

--
-- Table structure for table `role`
--

CREATE TABLE `role` (
  `role_id` int(11) NOT NULL,
  `type` varchar(50) NOT NULL
) ENGINE=InnoDB DEFAULT CHARSET=latin1;

-- --------------------------------------------------------

--
-- Table structure for table `student`
--

CREATE TABLE `student` (
  `student_id` int(11) NOT NULL,
  `user_id` int(11) NOT NULL,
  `branch_id` int(11) NOT NULL
) ENGINE=InnoDB DEFAULT CHARSET=latin1;

--
-- Dumping data for table `student`
--

INSERT INTO `student` (`student_id`, `user_id`, `branch_id`) VALUES
(1, 18, 2),
(2, 19, 2),
(3, 20, 2),
(4, 21, 2),
(5, 22, 2),
(6, 23, 2),
(7, 24, 2),
(8, 25, 2),
(9, 26, 2),
(10, 27, 2),
(11, 28, 2),
(12, 29, 2),
(13, 30, 2),
(14, 31, 2),
(15, 32, 2),
(16, 33, 2),
(17, 34, 2),
(18, 35, 2),
(19, 36, 2),
(20, 37, 2),
(21, 38, 2),
(22, 39, 2),
(23, 40, 2),
(24, 41, 2),
(25, 42, 2),
(26, 43, 2),
(27, 44, 2),
(28, 45, 2),
(29, 46, 2),
(30, 47, 2),
(31, 48, 2),
(32, 49, 2),
(33, 50, 2),
(34, 51, 2),
(35, 52, 2),
(36, 53, 2),
(37, 54, 2),
(38, 55, 2),
(39, 56, 2),
(40, 57, 2),
(41, 58, 2),
(42, 59, 2),
(43, 60, 2),
(44, 61, 2),
(45, 62, 2),
(46, 63, 2),
(47, 64, 2),
(48, 65, 2),
(49, 66, 2),
(50, 67, 2),
(51, 68, 2),
(52, 69, 2),
(53, 70, 2),
(54, 71, 2),
(55, 72, 2),
(56, 73, 2),
(57, 74, 2),
(58, 75, 2),
(59, 76, 2),
(60, 77, 2),
(61, 78, 2),
(62, 79, 2),
(63, 80, 2),
(64, 81, 2),
(65, 82, 2),
(66, 83, 2),
(67, 84, 2),
(68, 85, 2),
(69, 86, 2),
(70, 87, 2),
(71, 88, 2),
(72, 89, 2),
(73, 90, 2),
(74, 91, 2),
(75, 92, 2),
(76, 93, 2),
(77, 94, 2),
(78, 95, 2),
(79, 96, 2),
(80, 97, 2),
(81, 98, 2),
(82, 99, 2),
(83, 100, 2),
(84, 101, 2),
(85, 102, 2),
(86, 103, 2),
(87, 104, 2),
(88, 105, 2),
(89, 106, 2),
(90, 107, 2),
(91, 108, 2),
(92, 109, 2),
(93, 110, 2),
(94, 111, 2),
(95, 112, 2),
(96, 113, 2),
(97, 114, 2),
(98, 115, 1),
(99, 116, 1),
(100, 117, 1),
(101, 118, 1),
(102, 119, 1),
(103, 120, 1),
(104, 121, 1),
(105, 122, 1),
(106, 123, 1),
(107, 124, 1),
(108, 125, 1),
(109, 126, 1),
(110, 127, 1),
(111, 128, 1),
(112, 129, 1),
(113, 130, 1),
(114, 131, 1),
(115, 132, 1),
(116, 133, 1),
(117, 134, 1),
(118, 135, 1),
(119, 136, 1),
(120, 137, 1),
(121, 138, 1),
(122, 139, 1),
(123, 140, 1),
(124, 141, 1),
(125, 142, 1),
(126, 143, 1),
(127, 144, 1),
(128, 145, 1),
(129, 146, 1),
(130, 147, 1),
(131, 148, 1),
(132, 149, 1),
(133, 150, 1),
(134, 151, 1),
(135, 152, 1),
(136, 153, 1),
(137, 154, 1),
(138, 155, 1),
(139, 156, 1),
(140, 157, 1),
(141, 158, 1),
(142, 159, 1),
(143, 160, 1),
(144, 161, 1),
(145, 162, 1),
(146, 163, 1),
(147, 164, 1),
(148, 165, 1),
(149, 166, 1),
(150, 167, 1),
(151, 168, 1),
(152, 169, 1),
(153, 170, 1),
(154, 171, 1),
(155, 172, 1),
(156, 173, 1),
(157, 174, 1),
(158, 175, 1),
(159, 176, 1),
(160, 177, 1),
(161, 178, 1),
(162, 179, 1),
(163, 180, 1),
(164, 181, 1),
(165, 182, 1),
(166, 183, 1),
(167, 184, 1),
(168, 185, 1),
(169, 186, 1),
(170, 187, 1),
(171, 188, 1),
(172, 189, 1),
(173, 190, 1),
(174, 191, 1),
(175, 192, 1),
(176, 193, 1),
(177, 194, 1),
(178, 195, 1),
(179, 196, 1),
(180, 197, 1),
(181, 198, 1),
(182, 199, 1),
(183, 200, 1),
(184, 201, 1);

-- --------------------------------------------------------

--
-- Table structure for table `student_details`
--

CREATE TABLE `student_details` (
  `student_id` int(11) NOT NULL,
  `batch_id` int(11) NOT NULL
) ENGINE=InnoDB DEFAULT CHARSET=latin1;

--
-- Dumping data for table `student_details`
--

INSERT INTO `student_details` (`student_id`, `batch_id`) VALUES
(1, 1),
(2, 1),
(3, 1),
(4, 1),
(5, 1),
(6, 1),
(7, 1),
(8, 1),
(9, 1),
(10, 1),
(11, 1),
(12, 1),
(13, 2),
(14, 2),
(15, 2),
(16, 2),
(17, 2),
(18, 2),
(19, 2),
(20, 2),
(21, 2),
(22, 2),
(23, 2),
(24, 3),
(25, 3),
(26, 3),
(27, 3),
(28, 3),
(29, 3),
(30, 3),
(31, 3),
(32, 3),
(33, 3),
(34, 3),
(35, 3),
(36, 3),
(37, 4),
(38, 4),
(39, 4),
(40, 4),
(41, 4),
(42, 4),
(43, 4),
(44, 4),
(45, 4),
(46, 4),
(47, 4),
(48, 4),
(49, 5),
(50, 5),
(51, 5),
(52, 5),
(53, 5),
(54, 5),
(55, 5),
(56, 5),
(57, 5),
(58, 5),
(59, 5),
(60, 5),
(61, 6),
(62, 6),
(63, 6),
(64, 6),
(65, 6),
(66, 6),
(67, 6),
(68, 6),
(69, 6),
(70, 6),
(71, 6),
(72, 6),
(73, 7),
(74, 7),
(75, 7),
(76, 7),
(77, 7),
(78, 7),
(79, 7),
(80, 7),
(81, 7),
(82, 7),
(83, 7),
(84, 7),
(85, 7),
(86, 8),
(87, 8),
(88, 8),
(89, 8),
(90, 8),
(91, 8),
(92, 8),
(93, 8),
(94, 8),
(95, 8),
(96, 8),
(97, 8),
(98, 9),
(99, 9),
(100, 9),
(101, 9),
(102, 9),
(103, 9),
(104, 9),
(105, 9),
(106, 9),
(107, 9),
(108, 9),
(109, 9),
(110, 9),
(111, 9),
(112, 9),
(113, 9),
(114, 9),
(115, 9),
(116, 9),
(117, 9),
(118, 9),
(119, 10),
(120, 10),
(121, 10),
(122, 10),
(123, 10),
(124, 10),
(125, 10),
(126, 10),
(127, 10),
(128, 10),
(129, 10),
(130, 10),
(131, 10),
(132, 10),
(133, 10),
(134, 10),
(135, 10),
(136, 10),
(137, 10),
(138, 10),
(139, 10),
(140, 11),
(141, 11),
(142, 11),
(143, 11),
(144, 11),
(145, 11),
(146, 11),
(147, 11),
(148, 11),
(149, 11),
(150, 11),
(151, 11),
(152, 11),
(153, 11),
(154, 11),
(155, 11),
(156, 11),
(157, 11),
(158, 11),
(159, 11),
(160, 11),
(161, 11),
(162, 12),
(163, 12),
(164, 12),
(165, 12),
(166, 12),
(167, 12),
(168, 12),
(169, 12),
(170, 12),
(171, 12),
(172, 12),
(173, 12),
(174, 12),
(175, 12),
(176, 12),
(177, 12),
(178, 12),
(179, 12),
(180, 12),
(181, 12),
(182, 12),
(183, 12),
(184, 12);

-- --------------------------------------------------------

--
-- Table structure for table `subject`
--

CREATE TABLE `subject` (
  `subject_id` int(11) NOT NULL,
  `branch_id` int(11) NOT NULL,
  `sem_no` int(2) NOT NULL,
  `subject_name` varchar(255) NOT NULL,
  `deleted` int(1) NOT NULL DEFAULT '0',
  `created_at` datetime NOT NULL DEFAULT CURRENT_TIMESTAMP,
  `deleted_at` datetime NOT NULL,
  `created_by` int(11) NOT NULL,
  `deleted_by` int(11) NOT NULL
) ENGINE=InnoDB DEFAULT CHARSET=latin1;

--
-- Dumping data for table `subject`
--

INSERT INTO `subject` (`subject_id`, `branch_id`, `sem_no`, `subject_name`, `deleted`, `created_at`, `deleted_at`, `created_by`, `deleted_by`) VALUES
(1, 2, 3, 'Applied Mathematics -III', 0, '2019-04-26 17:45:00', '0000-00-00 00:00:00', 2, 0),
(2, 2, 3, 'Digital Logic Design and Analysis', 0, '2019-04-26 17:45:00', '0000-00-00 00:00:00', 2, 0),
(3, 2, 3, 'Discrete Mathematics', 0, '2019-04-26 17:45:00', '0000-00-00 00:00:00', 2, 0),
(4, 2, 3, 'Java', 0, '2019-04-26 17:45:00', '0000-00-00 00:00:00', 2, 0),
(5, 2, 3, 'Data Structures', 0, '2019-04-26 17:45:00', '0000-00-00 00:00:00', 2, 0),
(6, 1, 4, 'Applied Mathematics -IV', 0, '2019-04-26 17:45:00', '0000-00-00 00:00:00', 2, 0),
(7, 1, 4, 'COA', 0, '2019-04-26 17:45:00', '0000-00-00 00:00:00', 2, 0),
(8, 1, 4, 'AOA', 0, '2019-04-26 17:45:00', '0000-00-00 00:00:00', 2, 0),
(9, 1, 4, 'OS', 0, '2019-04-26 17:45:00', '0000-00-00 00:00:00', 2, 0),
(10, 1, 4, 'CG', 0, '2019-04-26 17:45:00', '0000-00-00 00:00:00', 2, 0);

-- --------------------------------------------------------

--
-- Table structure for table `teacher`
--

CREATE TABLE `teacher` (
  `teacher_id` int(11) NOT NULL,
  `user_id` int(11) NOT NULL
) ENGINE=InnoDB DEFAULT CHARSET=latin1;

--
-- Dumping data for table `teacher`
--

INSERT INTO `teacher` (`teacher_id`, `user_id`) VALUES
(1, 7),
(2, 8),
(3, 9),
(4, 10),
(5, 11),
(6, 12),
(7, 13),
(8, 14),
(9, 15),
(10, 16),
(11, 17);

-- --------------------------------------------------------

--
-- Table structure for table `teaches`
--

CREATE TABLE `teaches` (
  `teacher_id` int(11) NOT NULL,
  `batch_id` int(11) NOT NULL,
  `subject_id` int(11) NOT NULL,
  `is_teaching` int(1) NOT NULL DEFAULT '0',
  `w.e.f` datetime NOT NULL
) ENGINE=InnoDB DEFAULT CHARSET=latin1;

--
-- Dumping data for table `teaches`
--

INSERT INTO `teaches` (`teacher_id`, `batch_id`, `subject_id`, `is_teaching`, `w.e.f`) VALUES
(1, 1, 4, 0, '2019-04-26 17:33:00'),
(1, 2, 4, 0, '2019-04-26 17:33:00'),
(2, 3, 4, 0, '2019-04-26 17:33:00'),
(2, 4, 4, 0, '2019-04-26 17:33:00'),
(3, 5, 5, 0, '2019-04-26 17:33:00'),
(3, 6, 5, 0, '2019-04-26 17:33:00'),
(4, 7, 5, 0, '2019-04-26 17:33:00'),
(4, 8, 5, 0, '2019-04-26 17:33:00'),
(5, 9, 9, 0, '2019-04-26 17:33:00'),
(5, 10, 9, 0, '2019-04-26 17:33:00'),
(6, 11, 9, 0, '2019-04-26 17:33:00'),
(6, 12, 9, 0, '2019-04-26 17:33:00');

-- --------------------------------------------------------

--
-- Table structure for table `user`
--

CREATE TABLE `user` (
  `user_id` int(11) NOT NULL,
  `name` varchar(255) NOT NULL,
  `username` varchar(255) NOT NULL,
  `password` varchar(255) NOT NULL,
  `email` varchar(255) NOT NULL,
  `contact_no` int(11) NOT NULL,
  `gender` varchar(10) NOT NULL,
  `user_image` blob NOT NULL,
  `doj` date NOT NULL,
  `dob` date NOT NULL,
  `toggle_sms_noti` tinyint(1) NOT NULL,
  `toggle_email_noti` int(1) NOT NULL,
  `deleted` int(1) NOT NULL,
  `created_at` datetime NOT NULL DEFAULT CURRENT_TIMESTAMP,
  `updated_at` datetime NOT NULL,
  `deleted_at` datetime NOT NULL,
  `created_by` int(11) NOT NULL,
  `updated_by` int(11) NOT NULL,
  `deleted_by` int(11) NOT NULL
) ENGINE=InnoDB DEFAULT CHARSET=latin1;

--
-- Dumping data for table `user`
--

INSERT INTO `user` (`user_id`, `name`, `username`, `password`, `email`, `contact_no`, `gender`, `user_image`, `doj`, `dob`, `toggle_sms_noti`, `toggle_email_noti`, `deleted`, `created_at`, `updated_at`, `deleted_at`, `created_by`, `updated_by`, `deleted_by`) VALUES
(1, 'Nikhil Nagdev', 'nikhil_nagdev', 'nikhil1234', 'nikhil@gmail.com', 2147483647, 'male', '', '0000-00-00', '1999-11-10', 0, 1, 0, '2019-04-25 02:32:16', '0000-00-00 00:00:00', '0000-00-00 00:00:00', 2, 0, 0),
(2, 'Harlan Garcia', 'harlan_garcia', 'UummNMT3', 'chronos@msn.com', 2147483647, 'female', '', '0000-00-00', '0000-00-00', 0, 1, 0, '2019-04-25 02:32:16', '0000-00-00 00:00:00', '0000-00-00 00:00:00', 2, 0, 0),
(3, 'Tre Hardin', 'tre_hardin', 'BTUkpMTH', 'jimxugle@att.net', 2147483647, 'male', '', '0000-00-00', '0000-00-00', 0, 1, 0, '2019-04-25 02:32:16', '0000-00-00 00:00:00', '0000-00-00 00:00:00', 3, 0, 0),
(4, 'Eva Hartley', 'eva_hartley', 'RQGPNfxC', 'bockelboy@yahoo.com', 2147483647, 'male', '', '0000-00-00', '0000-00-00', 0, 0, 0, '2019-04-25 02:32:16', '0000-00-00 00:00:00', '0000-00-00 00:00:00', 3, 0, 0),
(5, 'Alma Lindsey', 'alma_lindsey', 'L6zsZcvC', 'comdig@icloud.com', 2147483647, 'female', '', '0000-00-00', '0000-00-00', 0, 0, 0, '2019-04-25 02:32:16', '0000-00-00 00:00:00', '0000-00-00 00:00:00', 2, 0, 0),
(6, 'Maeve Snyder', 'maeve_snyder', '23Q3qnKj', 'sjava@comcast.net', 2147483647, 'male', '', '0000-00-00', '0000-00-00', 0, 1, 0, '2019-04-25 02:32:16', '0000-00-00 00:00:00', '0000-00-00 00:00:00', 3, 0, 0),
(7, 'Ada Lin', 'ada_lin', 'ccBkEGNQ', 'helger@outlook.com', 2147483647, 'male', '', '0000-00-00', '0000-00-00', 0, 1, 0, '2019-04-25 02:32:16', '0000-00-00 00:00:00', '0000-00-00 00:00:00', 2, 0, 0),
(8, 'Habib Raymond', 'habib_raymond', 'yk9Q7zUS', 'euice@yahoo.com', 2147483647, 'male', '', '0000-00-00', '0000-00-00', 0, 0, 0, '2019-04-25 02:32:16', '0000-00-00 00:00:00', '0000-00-00 00:00:00', 2, 0, 0),
(9, 'Shivam Sears', 'shivam_sears', 'f7G8a8YN', 'jigsaw@aol.com', 2147483647, 'female', '', '0000-00-00', '0000-00-00', 0, 1, 0, '2019-04-25 02:32:16', '0000-00-00 00:00:00', '0000-00-00 00:00:00', 3, 0, 0),
(10, 'Callam Barrera', 'callam_barrera', 'CkSfesJK', 'mbrown@att.net', 2147483647, 'male', '', '0000-00-00', '0000-00-00', 0, 0, 0, '2019-04-25 02:32:16', '0000-00-00 00:00:00', '0000-00-00 00:00:00', 2, 0, 0),
(11, 'Lavinia Cantu', 'lavinia_cantu', 'u7heKCkj', 'morain@outlook.com', 2147483647, 'female', '', '0000-00-00', '0000-00-00', 0, 1, 0, '2019-04-25 02:32:16', '0000-00-00 00:00:00', '0000-00-00 00:00:00', 2, 0, 0),
(12, 'Rebeca Greenwood', 'rebeca_greenwood', 'ASYb4aSj', 'british@gmail.com', 2147483647, 'male', '', '0000-00-00', '0000-00-00', 0, 1, 0, '2019-04-25 02:32:16', '0000-00-00 00:00:00', '0000-00-00 00:00:00', 2, 0, 0),
(13, 'Jordi Barajas', 'jordi_barajas', 'DzcXFXfp', 'tezbo@comcast.net', 2147483647, 'female', '', '0000-00-00', '0000-00-00', 0, 1, 0, '2019-04-25 02:32:16', '0000-00-00 00:00:00', '0000-00-00 00:00:00', 3, 0, 0),
(14, 'Ben Bautista', 'ben_bautista', 'cp4BkKGD', 'kmself@mac.com', 2147483647, 'female', '', '0000-00-00', '0000-00-00', 0, 1, 0, '2019-04-25 02:32:16', '0000-00-00 00:00:00', '0000-00-00 00:00:00', 3, 0, 0),
(15, 'Myles O''Sullivan', 'myles_o''sullivan', 'KR6EGg4s', 'brainless@aol.com', 2147483647, 'male', '', '0000-00-00', '0000-00-00', 0, 1, 0, '2019-04-25 02:32:16', '0000-00-00 00:00:00', '0000-00-00 00:00:00', 2, 0, 0),
(16, 'Stella Wall', 'stella_wall', 'btQkRqEK', 'hstiles@live.com', 2147483647, 'male', '', '0000-00-00', '0000-00-00', 0, 1, 0, '2019-04-25 02:32:16', '0000-00-00 00:00:00', '0000-00-00 00:00:00', 3, 0, 0),
(17, 'Joy Armitage', 'joy_armitage', '69bM89Yj', 'flavell@msn.com', 2147483647, 'female', '', '0000-00-00', '0000-00-00', 0, 1, 0, '2019-04-25 02:32:16', '0000-00-00 00:00:00', '0000-00-00 00:00:00', 2, 0, 0),
(18, 'Zack Dean', 'zack_dean', 'kSt4MLjK', 'mpiotr@yahoo.ca', 2147483647, 'male', '', '0000-00-00', '0000-00-00', 0, 1, 0, '2019-04-25 02:32:16', '0000-00-00 00:00:00', '0000-00-00 00:00:00', 3, 0, 0),
(19, 'Brenna Gonzales', 'brenna_gonzales', 'Z5QZxaPg', 'north@att.net', 2147483647, 'female', '', '0000-00-00', '0000-00-00', 0, 0, 0, '2019-04-25 02:32:16', '0000-00-00 00:00:00', '0000-00-00 00:00:00', 3, 0, 0),
(20, 'Cai Xiong', 'cai_xiong', '3zYmPUeW', 'fangorn@mac.com', 2147483647, 'female', '', '0000-00-00', '0000-00-00', 0, 0, 0, '2019-04-25 02:32:16', '0000-00-00 00:00:00', '0000-00-00 00:00:00', 2, 0, 0),
(21, 'Shiloh Wyatt', 'shiloh_wyatt', 'aVQYMUNJ', 'ninenine@mac.com', 2147483647, 'male', '', '0000-00-00', '0000-00-00', 0, 1, 0, '2019-04-25 02:32:16', '0000-00-00 00:00:00', '0000-00-00 00:00:00', 3, 0, 0),
(22, 'Aj Smart', 'aj_smart', 'XDqgTgcx', 'dgriffith@msn.com', 2147483647, 'female', '', '0000-00-00', '0000-00-00', 0, 0, 0, '2019-04-25 02:32:16', '0000-00-00 00:00:00', '0000-00-00 00:00:00', 3, 0, 0),
(23, 'Alisha Roman', 'alisha_roman', 'ECamLCay', 'sbmrjbr@me.com', 2147483647, 'male', '', '0000-00-00', '0000-00-00', 0, 1, 0, '2019-04-25 02:32:16', '0000-00-00 00:00:00', '0000-00-00 00:00:00', 2, 0, 0),
(24, 'Kristofer Yang', 'kristofer_yang', 'cQjBtqtn', 'gavollink@live.com', 2147483647, 'male', '', '0000-00-00', '0000-00-00', 0, 0, 0, '2019-04-25 02:32:16', '0000-00-00 00:00:00', '0000-00-00 00:00:00', 2, 0, 0),
(25, 'Christina Fowler', 'christina_fowler', 'hAGB7dcz', 'pgolle@yahoo.ca', 2147483647, 'male', '', '0000-00-00', '0000-00-00', 0, 0, 0, '2019-04-25 02:32:16', '0000-00-00 00:00:00', '0000-00-00 00:00:00', 3, 0, 0),
(26, 'Wilson Bateman', 'wilson_bateman', 'BPudk8gD', 'mthurn@aol.com', 2147483647, 'female', '', '0000-00-00', '0000-00-00', 0, 0, 0, '2019-04-25 02:32:16', '0000-00-00 00:00:00', '0000-00-00 00:00:00', 2, 0, 0),
(27, 'Eli O''Quinn', 'eli_o''quinn', 'CKZe2ZYG', 'shrapnull@hotmail.com', 2147483647, 'male', '', '0000-00-00', '0000-00-00', 0, 0, 0, '2019-04-25 02:32:16', '0000-00-00 00:00:00', '0000-00-00 00:00:00', 2, 0, 0),
(28, 'Ingrid Colley', 'ingrid_colley', 'hF8QmZwF', 'larry@sbcglobal.net', 2147483647, 'female', '', '0000-00-00', '0000-00-00', 0, 1, 0, '2019-04-25 02:32:16', '0000-00-00 00:00:00', '0000-00-00 00:00:00', 2, 0, 0),
(29, 'Borys Smith', 'borys_smith', 'UEFqrPuW', 'webdragon@att.net', 2147483647, 'male', '', '0000-00-00', '0000-00-00', 0, 0, 0, '2019-04-25 02:32:16', '0000-00-00 00:00:00', '0000-00-00 00:00:00', 2, 0, 0),
(30, 'Eliana Hines', 'eliana_hines', 'b4pNgT8b', 'aschmitz@verizon.net', 2147483647, 'female', '', '0000-00-00', '0000-00-00', 0, 1, 0, '2019-04-25 02:32:16', '0000-00-00 00:00:00', '0000-00-00 00:00:00', 3, 0, 0),
(31, 'Curtis Armstrong', 'curtis_armstrong', 'vaEsgnbX', 'calin@comcast.net', 2147483647, 'female', '', '0000-00-00', '0000-00-00', 0, 0, 0, '2019-04-25 02:32:16', '0000-00-00 00:00:00', '0000-00-00 00:00:00', 2, 0, 0),
(32, 'Siana Dennis', 'siana_dennis', 'qUUZXFu6', 'hermes@msn.com', 2147483647, 'male', '', '0000-00-00', '0000-00-00', 0, 0, 0, '2019-04-25 02:32:16', '0000-00-00 00:00:00', '0000-00-00 00:00:00', 2, 0, 0),
(33, 'Marcus Daniel', 'marcus_daniel', '2Ec96w9t', 'nicktrig@yahoo.com', 2147483647, 'male', '', '0000-00-00', '0000-00-00', 0, 0, 0, '2019-04-25 02:32:16', '0000-00-00 00:00:00', '0000-00-00 00:00:00', 2, 0, 0),
(34, 'Falak Nicholson', 'falak_nicholson', '32M2myP7', 'gavollink@yahoo.ca', 2147483647, 'female', '', '0000-00-00', '0000-00-00', 0, 1, 0, '2019-04-25 02:32:16', '0000-00-00 00:00:00', '0000-00-00 00:00:00', 2, 0, 0),
(35, 'Ray Timms', 'ray_timms', 'B7rVFByx', 'bsikdar@mac.com', 2147483647, 'male', '', '0000-00-00', '0000-00-00', 0, 1, 0, '2019-04-25 02:32:16', '0000-00-00 00:00:00', '0000-00-00 00:00:00', 3, 0, 0),
(36, 'Asma Moon', 'asma_moon', 'Lqx3NkJx', 'peterhoeg@live.com', 2147483647, 'female', '', '0000-00-00', '0000-00-00', 0, 0, 0, '2019-04-25 02:32:16', '0000-00-00 00:00:00', '0000-00-00 00:00:00', 3, 0, 0),
(37, 'Gerard Keith', 'gerard_keith', 'AY3mcbJu', 'tbusch@verizon.net', 2147483647, 'female', '', '0000-00-00', '0000-00-00', 0, 0, 0, '2019-04-25 02:32:16', '0000-00-00 00:00:00', '0000-00-00 00:00:00', 3, 0, 0),
(38, 'Kanye Blake', 'kanye_blake', '7txbrLpJ', 'mbalazin@me.com', 2147483647, 'male', '', '0000-00-00', '0000-00-00', 0, 1, 0, '2019-04-25 02:32:16', '0000-00-00 00:00:00', '0000-00-00 00:00:00', 3, 0, 0),
(39, 'Mercy Chambers', 'mercy_chambers', 'JPA7yaQr', 'osaru@sbcglobal.net', 2147483647, 'female', '', '0000-00-00', '0000-00-00', 0, 0, 0, '2019-04-25 02:32:16', '0000-00-00 00:00:00', '0000-00-00 00:00:00', 2, 0, 0),
(40, 'Phoenix Tillman', 'phoenix_tillman', 'd8eV4Evv', 'thassine@yahoo.com', 2147483647, 'male', '', '0000-00-00', '0000-00-00', 0, 1, 0, '2019-04-25 02:32:16', '0000-00-00 00:00:00', '0000-00-00 00:00:00', 2, 0, 0),
(41, 'Rosemarie Rich', 'rosemarie_rich', 'YsSrjEHd', 'jramio@gmail.com', 2147483647, 'male', '', '0000-00-00', '0000-00-00', 0, 1, 0, '2019-04-25 02:32:16', '0000-00-00 00:00:00', '0000-00-00 00:00:00', 2, 0, 0),
(42, 'Hazel Mckeown', 'hazel_mckeown', '8r5Eugky', 'bastian@yahoo.ca', 2147483647, 'male', '', '0000-00-00', '0000-00-00', 0, 1, 0, '2019-04-25 02:32:16', '0000-00-00 00:00:00', '0000-00-00 00:00:00', 3, 0, 0),
(43, 'Molly Riley', 'molly_riley', 'ZMKETZ5d', 'jorgb@mac.com', 2147483647, 'female', '', '0000-00-00', '0000-00-00', 0, 1, 0, '2019-04-25 02:32:16', '0000-00-00 00:00:00', '0000-00-00 00:00:00', 3, 0, 0),
(44, 'Kay England', 'kay_england', 'CtbPY6MA', 'scarolan@icloud.com', 2147483647, 'male', '', '0000-00-00', '0000-00-00', 0, 1, 0, '2019-04-25 02:32:16', '0000-00-00 00:00:00', '0000-00-00 00:00:00', 3, 0, 0),
(45, 'Beck Clegg', 'beck_clegg', 'gpqAke3J', 'miyop@aol.com', 2147483647, 'female', '', '0000-00-00', '0000-00-00', 0, 1, 0, '2019-04-25 02:32:16', '0000-00-00 00:00:00', '0000-00-00 00:00:00', 3, 0, 0),
(46, 'Nelly Craig', 'nelly_craig', 't5Zsbrzj', 'ahuillet@yahoo.ca', 2147483647, 'male', '', '0000-00-00', '0000-00-00', 0, 1, 0, '2019-04-25 02:32:16', '0000-00-00 00:00:00', '0000-00-00 00:00:00', 2, 0, 0),
(47, 'Roscoe Jackson', 'roscoe_jackson', '8vjF42CN', 'bigmauler@hotmail.com', 2147483647, 'female', '', '0000-00-00', '0000-00-00', 0, 1, 0, '2019-04-25 02:32:16', '0000-00-00 00:00:00', '0000-00-00 00:00:00', 3, 0, 0),
(48, 'Carwyn Cox', 'carwyn_cox', 't25HSvjV', 'wetter@me.com', 2147483647, 'female', '', '0000-00-00', '0000-00-00', 0, 1, 0, '2019-04-25 02:32:16', '0000-00-00 00:00:00', '0000-00-00 00:00:00', 3, 0, 0),
(49, 'Olivia-Mae Villa', 'olivia-mae_villa', 'QUxtVpNz', 'isorashi@outlook.com', 2147483647, 'male', '', '0000-00-00', '0000-00-00', 0, 0, 0, '2019-04-25 02:32:16', '0000-00-00 00:00:00', '0000-00-00 00:00:00', 2, 0, 0),
(50, 'Chase Washington', 'chase_washington', 'ysNB9nP5', 'multiplx@outlook.com', 2147483647, 'male', '', '0000-00-00', '0000-00-00', 0, 0, 0, '2019-04-25 02:32:16', '0000-00-00 00:00:00', '0000-00-00 00:00:00', 2, 0, 0),
(51, 'Mihai Hudson', 'mihai_hudson', 'FEShSWLM', 'tedrlord@outlook.com', 2147483647, 'male', '', '0000-00-00', '0000-00-00', 0, 1, 0, '2019-04-25 02:32:16', '0000-00-00 00:00:00', '0000-00-00 00:00:00', 2, 0, 0),
(52, 'Ace Alston', 'ace_alston', 'Wnr5MZYX', 'wetter@yahoo.com', 2147483647, 'female', '', '0000-00-00', '0000-00-00', 0, 1, 0, '2019-04-25 02:32:16', '0000-00-00 00:00:00', '0000-00-00 00:00:00', 2, 0, 0),
(53, 'Zhane Hickman', 'zhane_hickman', 'MfXexr9v', 'storerm@outlook.com', 2147483647, 'female', '', '0000-00-00', '0000-00-00', 0, 1, 0, '2019-04-25 02:32:16', '0000-00-00 00:00:00', '0000-00-00 00:00:00', 3, 0, 0),
(54, 'Viktor Blackburn', 'viktor_blackburn', 'uHYHCUcj', 'sblack@icloud.com', 2147483647, 'male', '', '0000-00-00', '0000-00-00', 0, 0, 0, '2019-04-25 02:32:16', '0000-00-00 00:00:00', '0000-00-00 00:00:00', 2, 0, 0),
(55, 'Anniyah Key', 'anniyah_key', '4ebbYNxc', 'mschilli@live.com', 2147483647, 'female', '', '0000-00-00', '0000-00-00', 0, 1, 0, '2019-04-25 02:32:16', '0000-00-00 00:00:00', '0000-00-00 00:00:00', 2, 0, 0),
(56, 'Dominique Casey', 'dominique_casey', 'GSspaEH9', 'sokol@yahoo.ca', 2147483647, 'male', '', '0000-00-00', '0000-00-00', 0, 0, 0, '2019-04-25 02:32:16', '0000-00-00 00:00:00', '0000-00-00 00:00:00', 3, 0, 0),
(57, 'Christian Petty', 'christian_petty', '2v5nu3rr', 'valdez@hotmail.com', 2147483647, 'male', '', '0000-00-00', '0000-00-00', 0, 1, 0, '2019-04-25 02:32:16', '0000-00-00 00:00:00', '0000-00-00 00:00:00', 2, 0, 0),
(58, 'Anisha Floyd', 'anisha_floyd', 'A7zfhj2x', 'lahvak@yahoo.ca', 2147483647, 'male', '', '0000-00-00', '0000-00-00', 0, 1, 0, '2019-04-25 02:32:16', '0000-00-00 00:00:00', '0000-00-00 00:00:00', 2, 0, 0),
(59, 'Krystal Guevara', 'krystal_guevara', 'dJZXGaww', 'petersko@comcast.net', 2147483647, 'female', '', '0000-00-00', '0000-00-00', 0, 1, 0, '2019-04-25 02:32:16', '0000-00-00 00:00:00', '0000-00-00 00:00:00', 2, 0, 0),
(60, 'Tazmin Lester', 'tazmin_lester', '8Sawyv6F', 'evilopie@me.com', 2147483647, 'male', '', '0000-00-00', '0000-00-00', 0, 0, 0, '2019-04-25 02:32:16', '0000-00-00 00:00:00', '0000-00-00 00:00:00', 3, 0, 0),
(61, 'Haaris Marquez', 'haaris_marquez', '6rD3sCXa', 'parents@gmail.com', 2147483647, 'female', '', '0000-00-00', '0000-00-00', 0, 1, 0, '2019-04-25 02:32:16', '0000-00-00 00:00:00', '0000-00-00 00:00:00', 3, 0, 0),
(62, 'Lucille Pineda', 'lucille_pineda', 'CQg4FFYY', 'jmorris@mac.com', 2147483647, 'male', '', '0000-00-00', '0000-00-00', 0, 0, 0, '2019-04-25 02:32:16', '0000-00-00 00:00:00', '0000-00-00 00:00:00', 2, 0, 0),
(63, 'Nafisa Dillard', 'nafisa_dillard', 'ZZT4AxJJ', 'yxing@outlook.com', 2147483647, 'female', '', '0000-00-00', '0000-00-00', 0, 0, 0, '2019-04-25 02:32:16', '0000-00-00 00:00:00', '0000-00-00 00:00:00', 2, 0, 0),
(64, 'Sanaa Nichols', 'sanaa_nichols', 'wYagdDUV', 'sjava@mac.com', 2147483647, 'female', '', '0000-00-00', '0000-00-00', 0, 1, 0, '2019-04-25 02:32:16', '0000-00-00 00:00:00', '0000-00-00 00:00:00', 3, 0, 0),
(65, 'Muskaan Glenn', 'muskaan_glenn', 'kB8hwe5u', 'gfxguy@live.com', 2147483647, 'male', '', '0000-00-00', '0000-00-00', 0, 1, 0, '2019-04-25 02:32:16', '0000-00-00 00:00:00', '0000-00-00 00:00:00', 3, 0, 0),
(66, 'Mari Hills', 'mari_hills', 'U8dBMUJb', 'raines@mac.com', 2147483647, 'male', '', '0000-00-00', '0000-00-00', 0, 0, 0, '2019-04-25 02:32:16', '0000-00-00 00:00:00', '0000-00-00 00:00:00', 2, 0, 0),
(67, 'Eathan Bull', 'eathan_bull', 'Zm8WrSZR', 'aschmitz@me.com', 2147483647, 'female', '', '0000-00-00', '0000-00-00', 0, 0, 0, '2019-04-25 02:32:16', '0000-00-00 00:00:00', '0000-00-00 00:00:00', 3, 0, 0),
(68, 'Wojciech Spencer', 'wojciech_spencer', 'q8UbXUte', 'marnanel@sbcglobal.net', 2147483647, 'male', '', '0000-00-00', '0000-00-00', 0, 1, 0, '2019-04-25 02:32:16', '0000-00-00 00:00:00', '0000-00-00 00:00:00', 3, 0, 0),
(69, 'Lawrence Mill', 'lawrence_mill', 'pTWxwQSH', 'zilla@mac.com', 2147483647, 'female', '', '0000-00-00', '0000-00-00', 0, 1, 0, '2019-04-25 02:32:16', '0000-00-00 00:00:00', '0000-00-00 00:00:00', 3, 0, 0),
(70, 'Marcelina Hansen', 'marcelina_hansen', 'PaALXXPP', 'subir@mac.com', 2147483647, 'female', '', '0000-00-00', '0000-00-00', 0, 1, 0, '2019-04-25 02:32:16', '0000-00-00 00:00:00', '0000-00-00 00:00:00', 2, 0, 0),
(71, 'Erika Nolan', 'erika_nolan', 'beSQUeBn', 'kimvette@mac.com', 2147483647, 'male', '', '0000-00-00', '0000-00-00', 0, 0, 0, '2019-04-25 02:32:16', '0000-00-00 00:00:00', '0000-00-00 00:00:00', 2, 0, 0),
(72, 'Izzy Philip', 'izzy_philip', 'BQxFjTyv', 'arathi@sbcglobal.net', 2147483647, 'female', '', '0000-00-00', '0000-00-00', 0, 0, 0, '2019-04-25 02:32:16', '0000-00-00 00:00:00', '0000-00-00 00:00:00', 3, 0, 0),
(73, 'Duke Pritchard', 'duke_pritchard', 'NmyaTKtj', 'frosal@optonline.net', 2147483647, 'male', '', '0000-00-00', '0000-00-00', 0, 0, 0, '2019-04-25 02:32:16', '0000-00-00 00:00:00', '0000-00-00 00:00:00', 2, 0, 0),
(74, 'Shaun Cooley', 'shaun_cooley', 'Nnpep6nb', 'dmath@yahoo.ca', 2147483647, 'male', '', '0000-00-00', '0000-00-00', 0, 1, 0, '2019-04-25 02:32:16', '0000-00-00 00:00:00', '0000-00-00 00:00:00', 2, 0, 0),
(75, 'Tonisha Walker', 'tonisha_walker', 'jZm7yTER', 'bbirth@hotmail.com', 2147483647, 'male', '', '0000-00-00', '0000-00-00', 0, 0, 0, '2019-04-25 02:32:16', '0000-00-00 00:00:00', '0000-00-00 00:00:00', 3, 0, 0),
(76, 'Pedro Cohen', 'pedro_cohen', 'vK8RezXp', 'bryanw@att.net', 2147483647, 'female', '', '0000-00-00', '0000-00-00', 0, 0, 0, '2019-04-25 02:32:16', '0000-00-00 00:00:00', '0000-00-00 00:00:00', 2, 0, 0),
(77, 'Christiana Stout', 'christiana_stout', '9Hg57VCq', 'codex@outlook.com', 2147483647, 'male', '', '0000-00-00', '0000-00-00', 0, 1, 0, '2019-04-25 02:32:16', '0000-00-00 00:00:00', '0000-00-00 00:00:00', 2, 0, 0),
(78, 'Yara Fernandez', 'yara_fernandez', 'XhSuWh8V', 'jadavis@optonline.net', 2147483647, 'female', '', '0000-00-00', '0000-00-00', 0, 1, 0, '2019-04-25 02:32:16', '0000-00-00 00:00:00', '0000-00-00 00:00:00', 2, 0, 0),
(79, 'Keavy Mcgowan', 'keavy_mcgowan', 'srMVKDJ4', 'mchugh@verizon.net', 2147483647, 'male', '', '0000-00-00', '0000-00-00', 0, 0, 0, '2019-04-25 02:32:16', '0000-00-00 00:00:00', '0000-00-00 00:00:00', 3, 0, 0),
(80, 'Clinton Hatfield', 'clinton_hatfield', 'TvPp6bYJ', 'weazelman@yahoo.com', 2147483647, 'female', '', '0000-00-00', '0000-00-00', 0, 1, 0, '2019-04-25 02:32:16', '0000-00-00 00:00:00', '0000-00-00 00:00:00', 3, 0, 0),
(81, 'Sahra Blanchard', 'sahra_blanchard', 'GnyyKqNf', 'roamer@optonline.net', 2147483647, 'female', '', '0000-00-00', '0000-00-00', 0, 1, 0, '2019-04-25 02:32:16', '0000-00-00 00:00:00', '0000-00-00 00:00:00', 2, 0, 0),
(82, 'Susie Mendez', 'susie_mendez', 'wQbUKFZV', 'eidac@att.net', 2147483647, 'male', '', '0000-00-00', '0000-00-00', 0, 0, 0, '2019-04-25 02:32:16', '0000-00-00 00:00:00', '0000-00-00 00:00:00', 3, 0, 0),
(83, 'Siraj Baxter', 'siraj_baxter', '2qCmaFdN', 'nachbaur@icloud.com', 2147483647, 'male', '', '0000-00-00', '0000-00-00', 0, 0, 0, '2019-04-25 02:32:16', '0000-00-00 00:00:00', '0000-00-00 00:00:00', 2, 0, 0),
(84, 'Mai Lamb', 'mai_lamb', 'cQ3WpDTC', 'kostas@att.net', 2147483647, 'female', '', '0000-00-00', '0000-00-00', 0, 1, 0, '2019-04-25 02:32:16', '0000-00-00 00:00:00', '0000-00-00 00:00:00', 2, 0, 0),
(85, 'Kurt Miles', 'kurt_miles', 'gB4uYQBz', 'dcoppit@gmail.com', 2147483647, 'male', '', '0000-00-00', '0000-00-00', 0, 0, 0, '2019-04-25 02:32:16', '0000-00-00 00:00:00', '0000-00-00 00:00:00', 3, 0, 0),
(86, 'Siena Callaghan', 'siena_callaghan', 'mJZPX7LJ', 'portele@live.com', 2147483647, 'female', '', '0000-00-00', '0000-00-00', 0, 0, 0, '2019-04-25 02:32:16', '0000-00-00 00:00:00', '0000-00-00 00:00:00', 3, 0, 0),
(87, 'Rhianne Wu', 'rhianne_wu', 'x3JEp8Vn', 'redingtn@yahoo.ca', 2147483647, 'female', '', '0000-00-00', '0000-00-00', 0, 0, 0, '2019-04-25 02:32:16', '0000-00-00 00:00:00', '0000-00-00 00:00:00', 2, 0, 0),
(88, 'Shola Perry', 'shola_perry', 'JcqLkF4r', 'sinclair@hotmail.com', 2147483647, 'male', '', '0000-00-00', '0000-00-00', 0, 1, 0, '2019-04-25 02:32:16', '0000-00-00 00:00:00', '0000-00-00 00:00:00', 3, 0, 0),
(89, 'Manha Lowery', 'manha_lowery', 'zTPnDFKc', 'hoyer@gmail.com', 2147483647, 'female', '', '0000-00-00', '0000-00-00', 0, 0, 0, '2019-04-25 02:32:16', '0000-00-00 00:00:00', '0000-00-00 00:00:00', 3, 0, 0),
(90, 'Manal Kenny', 'manal_kenny', 'cVpPHSeq', 'lridener@sbcglobal.net', 2147483647, 'male', '', '0000-00-00', '0000-00-00', 0, 0, 0, '2019-04-25 02:32:16', '0000-00-00 00:00:00', '0000-00-00 00:00:00', 3, 0, 0),
(91, 'Arian Gutierrez', 'arian_gutierrez', '9vTLxfTe', 'dsowsy@yahoo.ca', 2147483647, 'male', '', '0000-00-00', '0000-00-00', 0, 1, 0, '2019-04-25 02:32:16', '0000-00-00 00:00:00', '0000-00-00 00:00:00', 3, 0, 0),
(92, 'Lia Mcdaniel', 'lia_mcdaniel', 'rSN4L9A8', 'harryh@icloud.com', 2147483647, 'male', '', '0000-00-00', '0000-00-00', 0, 1, 0, '2019-04-25 02:32:16', '0000-00-00 00:00:00', '0000-00-00 00:00:00', 3, 0, 0),
(93, 'Luella Knight', 'luella_knight', '5gtedP5T', 'webdragon@icloud.com', 2147483647, 'female', '', '0000-00-00', '0000-00-00', 0, 1, 0, '2019-04-25 02:32:16', '0000-00-00 00:00:00', '0000-00-00 00:00:00', 2, 0, 0),
(94, 'Fardeen Gallegos', 'fardeen_gallegos', 'tXZgLxkX', 'bartlett@sbcglobal.net', 2147483647, 'male', '', '0000-00-00', '0000-00-00', 0, 1, 0, '2019-04-25 02:32:16', '0000-00-00 00:00:00', '0000-00-00 00:00:00', 3, 0, 0),
(95, 'Willa Camacho', 'willa_camacho', '6pRWyWv4', 'dcoppit@att.net', 2147483647, 'female', '', '0000-00-00', '0000-00-00', 0, 0, 0, '2019-04-25 02:32:16', '0000-00-00 00:00:00', '0000-00-00 00:00:00', 3, 0, 0),
(96, 'Fergus Tomlinson', 'fergus_tomlinson', 'J647EKeP', 'mkearl@gmail.com', 2147483647, 'male', '', '0000-00-00', '0000-00-00', 0, 0, 0, '2019-04-25 02:32:16', '0000-00-00 00:00:00', '0000-00-00 00:00:00', 3, 0, 0),
(97, 'Malaika Salinas', 'malaika_salinas', 'PggmBar7', 'library@optonline.net', 2147483647, 'female', '', '0000-00-00', '0000-00-00', 0, 1, 0, '2019-04-25 02:32:16', '0000-00-00 00:00:00', '0000-00-00 00:00:00', 2, 0, 0),
(98, 'Havin Alexander', 'havin_alexander', 'YmhN9VXQ', 'naoya@outlook.com', 2147483647, 'female', '', '0000-00-00', '0000-00-00', 0, 1, 0, '2019-04-25 02:32:16', '0000-00-00 00:00:00', '0000-00-00 00:00:00', 3, 0, 0),
(99, 'Douglas Wood', 'douglas_wood', '5QYtjZ3d', 'nacho@att.net', 2147483647, 'male', '', '0000-00-00', '0000-00-00', 0, 1, 0, '2019-04-25 02:32:16', '0000-00-00 00:00:00', '0000-00-00 00:00:00', 3, 0, 0),
(100, 'Aadil Edge', 'aadil_edge', '8jjasBG9', 'jgwang@me.com', 2147483647, 'male', '', '0000-00-00', '0000-00-00', 0, 0, 0, '2019-04-25 02:32:16', '0000-00-00 00:00:00', '0000-00-00 00:00:00', 2, 0, 0),
(101, 'Missy Parra', 'missy_parra', 'nPb5BxkY', 'pgottsch@att.net', 2147483647, 'male', '', '0000-00-00', '0000-00-00', 0, 1, 0, '2019-04-25 02:32:16', '0000-00-00 00:00:00', '0000-00-00 00:00:00', 2, 0, 0),
(102, 'Shae Mason', 'shae_mason', '4kFbYmUK', 'chunzi@comcast.net', 2147483647, 'female', '', '0000-00-00', '0000-00-00', 0, 1, 0, '2019-04-25 02:32:16', '0000-00-00 00:00:00', '0000-00-00 00:00:00', 2, 0, 0),
(103, 'Tyler-James Doherty', 'tyler-james_doherty', 'qqU5NqV3', 'mddallara@sbcglobal.net', 2147483647, 'male', '', '0000-00-00', '0000-00-00', 0, 1, 0, '2019-04-25 02:32:16', '0000-00-00 00:00:00', '0000-00-00 00:00:00', 3, 0, 0),
(104, 'Luciano Rasmussen', 'luciano_rasmussen', 'gWed39Pb', 'hutton@aol.com', 2147483647, 'male', '', '0000-00-00', '0000-00-00', 0, 0, 0, '2019-04-25 02:32:16', '0000-00-00 00:00:00', '0000-00-00 00:00:00', 3, 0, 0),
(105, 'Ammarah Ramirez', 'ammarah_ramirez', 'EqJwRDLv', 'geekoid@outlook.com', 2147483647, 'female', '', '0000-00-00', '0000-00-00', 0, 0, 0, '2019-04-25 02:32:16', '0000-00-00 00:00:00', '0000-00-00 00:00:00', 2, 0, 0),
(106, 'Enrico Cope', 'enrico_cope', 'KW3j94cr', 'rjones@aol.com', 2147483647, 'male', '', '0000-00-00', '0000-00-00', 0, 1, 0, '2019-04-25 02:32:16', '0000-00-00 00:00:00', '0000-00-00 00:00:00', 3, 0, 0),
(107, 'Freyja Woodard', 'freyja_woodard', 'xPg678JR', 'bflong@msn.com', 2147483647, 'male', '', '0000-00-00', '0000-00-00', 0, 1, 0, '2019-04-25 02:32:16', '0000-00-00 00:00:00', '0000-00-00 00:00:00', 2, 0, 0),
(108, 'Poppy-Rose Kearns', 'poppy-rose_kearns', 'ReuJF6SP', 'dawnsong@sbcglobal.net', 2147483647, 'male', '', '0000-00-00', '0000-00-00', 0, 0, 0, '2019-04-25 02:32:16', '0000-00-00 00:00:00', '0000-00-00 00:00:00', 2, 0, 0),
(109, 'Samera Griffin', 'samera_griffin', 'gxLwJpHR', 'keiji@comcast.net', 2147483647, 'female', '', '0000-00-00', '0000-00-00', 0, 1, 0, '2019-04-25 02:32:16', '0000-00-00 00:00:00', '0000-00-00 00:00:00', 3, 0, 0),
(110, 'Maria Yoder', 'maria_yoder', 'SKQmwy5J', 'jdhedden@yahoo.com', 2147483647, 'male', '', '0000-00-00', '0000-00-00', 0, 0, 0, '2019-04-25 02:32:16', '0000-00-00 00:00:00', '0000-00-00 00:00:00', 2, 0, 0),
(111, 'Renee Redman', 'renee_redman', 'T4wjDhra', 'sisyphus@me.com', 2147483647, 'female', '', '0000-00-00', '0000-00-00', 0, 1, 0, '2019-04-25 02:32:16', '0000-00-00 00:00:00', '0000-00-00 00:00:00', 2, 0, 0),
(112, 'Janae Squires', 'janae_squires', 'qHnkgGtv', 'yamla@me.com', 2147483647, 'male', '', '0000-00-00', '0000-00-00', 0, 1, 0, '2019-04-25 02:32:16', '0000-00-00 00:00:00', '0000-00-00 00:00:00', 2, 0, 0),
(113, 'Zakariah Mccartney', 'zakariah_mccartney', 'TrNmfmZV', 'lpalmer@live.com', 2147483647, 'female', '', '0000-00-00', '0000-00-00', 0, 1, 0, '2019-04-25 02:32:16', '0000-00-00 00:00:00', '0000-00-00 00:00:00', 3, 0, 0),
(114, 'Iylah Mora', 'iylah_mora', 've9br4X8', 'emcleod@optonline.net', 2147483647, 'female', '', '0000-00-00', '0000-00-00', 0, 1, 0, '2019-04-25 02:32:16', '0000-00-00 00:00:00', '0000-00-00 00:00:00', 3, 0, 0),
(115, 'Jobe Stokes', 'jobe_stokes', 'wRXTSeZN', 'fairbank@sbcglobal.net', 2147483647, 'male', '', '0000-00-00', '0000-00-00', 0, 1, 0, '2019-04-25 02:32:16', '0000-00-00 00:00:00', '0000-00-00 00:00:00', 2, 0, 0),
(116, 'Safaa Larson', 'safaa_larson', '7aBghtrE', 'pkplex@hotmail.com', 2147483647, 'male', '', '0000-00-00', '0000-00-00', 0, 1, 0, '2019-04-25 02:32:16', '0000-00-00 00:00:00', '0000-00-00 00:00:00', 3, 0, 0),
(117, 'Teegan Greenwood', 'teegan_greenwood', 'SQ7rHMsz', 'eegsa@icloud.com', 2147483647, 'female', '', '0000-00-00', '0000-00-00', 0, 1, 0, '2019-04-25 02:32:16', '0000-00-00 00:00:00', '0000-00-00 00:00:00', 2, 0, 0),
(118, 'Jamaal Clarkson', 'jamaal_clarkson', 'qKuZzFkP', 'crowemojo@sbcglobal.net', 2147483647, 'male', '', '0000-00-00', '0000-00-00', 0, 1, 0, '2019-04-25 02:32:16', '0000-00-00 00:00:00', '0000-00-00 00:00:00', 3, 0, 0),
(119, 'Dario Montoya', 'dario_montoya', 'pfDhnPuN', 'haddawy@sbcglobal.net', 2147483647, 'female', '', '0000-00-00', '0000-00-00', 0, 0, 0, '2019-04-25 02:32:16', '0000-00-00 00:00:00', '0000-00-00 00:00:00', 3, 0, 0),
(120, 'Maci Peterson', 'maci_peterson', 'Pub3tPJc', 'frederic@hotmail.com', 2147483647, 'female', '', '0000-00-00', '0000-00-00', 0, 0, 0, '2019-04-25 02:32:16', '0000-00-00 00:00:00', '0000-00-00 00:00:00', 2, 0, 0),
(121, 'Jed Arnold', 'jed_arnold', 'tKGP3qmx', 'bastian@optonline.net', 2147483647, 'male', '', '0000-00-00', '0000-00-00', 0, 1, 0, '2019-04-25 02:32:16', '0000-00-00 00:00:00', '0000-00-00 00:00:00', 3, 0, 0),
(122, 'Latoya Barber', 'latoya_barber', 'Y48Sjy4R', 'lpalmer@me.com', 2147483647, 'female', '', '0000-00-00', '0000-00-00', 0, 0, 0, '2019-04-25 02:32:16', '0000-00-00 00:00:00', '0000-00-00 00:00:00', 3, 0, 0),
(123, 'Mai Roche', 'mai_roche', 'HEtmcpTD', 'bogjobber@icloud.com', 2147483647, 'male', '', '0000-00-00', '0000-00-00', 0, 1, 0, '2019-04-25 02:32:16', '0000-00-00 00:00:00', '0000-00-00 00:00:00', 2, 0, 0),
(124, 'Maariya Landry', 'maariya_landry', 'ZXweeBK8', 'qmacro@msn.com', 2147483647, 'male', '', '0000-00-00', '0000-00-00', 0, 0, 0, '2019-04-25 02:32:16', '0000-00-00 00:00:00', '0000-00-00 00:00:00', 2, 0, 0),
(125, 'Enzo Suarez', 'enzo_suarez', 'GfanS6bk', 'aegreene@verizon.net', 2147483647, 'male', '', '0000-00-00', '0000-00-00', 0, 0, 0, '2019-04-25 02:32:16', '0000-00-00 00:00:00', '0000-00-00 00:00:00', 3, 0, 0),
(126, 'Eisa Warren', 'eisa_warren', 'By45PqXF', 'dobey@yahoo.com', 2147483647, 'female', '', '0000-00-00', '0000-00-00', 0, 0, 0, '2019-04-25 02:32:16', '0000-00-00 00:00:00', '0000-00-00 00:00:00', 2, 0, 0),
(127, 'Maisha Phillips', 'maisha_phillips', 'W3Ae5L8v', 'terjesa@optonline.net', 2147483647, 'male', '', '0000-00-00', '0000-00-00', 0, 0, 0, '2019-04-25 02:32:16', '0000-00-00 00:00:00', '0000-00-00 00:00:00', 2, 0, 0),
(128, 'Evie Hodges', 'evie_hodges', 'vJ9Ts7Sk', 'khris@verizon.net', 2147483647, 'female', '', '0000-00-00', '0000-00-00', 0, 1, 0, '2019-04-25 02:32:16', '0000-00-00 00:00:00', '0000-00-00 00:00:00', 2, 0, 0),
(129, 'Rufus Lu', 'rufus_lu', 'KVuEMzQ6', 'liedra@att.net', 2147483647, 'male', '', '0000-00-00', '0000-00-00', 0, 0, 0, '2019-04-25 02:32:16', '0000-00-00 00:00:00', '0000-00-00 00:00:00', 2, 0, 0),
(130, 'Harleen Legge', 'harleen_legge', 'LfgF3Qns', 'shazow@comcast.net', 2147483647, 'female', '', '0000-00-00', '0000-00-00', 0, 1, 0, '2019-04-25 02:32:16', '0000-00-00 00:00:00', '0000-00-00 00:00:00', 3, 0, 0),
(131, 'Anum Ho', 'anum_ho', 'NbYF6P3J', 'geekoid@sbcglobal.net', 2147483647, 'female', '', '0000-00-00', '0000-00-00', 0, 0, 0, '2019-04-25 02:32:16', '0000-00-00 00:00:00', '0000-00-00 00:00:00', 2, 0, 0),
(132, 'Mercy Barnett', 'mercy_barnett', 'A6mgGBfL', 'devphil@aol.com', 2147483647, 'male', '', '0000-00-00', '0000-00-00', 0, 0, 0, '2019-04-25 02:32:16', '0000-00-00 00:00:00', '0000-00-00 00:00:00', 2, 0, 0),
(133, 'Humza Neville', 'humza_neville', 'bJqtcD83', 'jaxweb@hotmail.com', 2147483647, 'male', '', '0000-00-00', '0000-00-00', 0, 0, 0, '2019-04-25 02:32:16', '0000-00-00 00:00:00', '0000-00-00 00:00:00', 2, 0, 0),
(134, 'Lilly-Mae Fenton', 'lilly-mae_fenton', 'eRFPVTzw', 'niknejad@optonline.net', 2147483647, 'female', '', '0000-00-00', '0000-00-00', 0, 1, 0, '2019-04-25 02:32:16', '0000-00-00 00:00:00', '0000-00-00 00:00:00', 2, 0, 0),
(135, 'Dafydd Freeman', 'dafydd_freeman', 'zuQBJ5GG', 'dodong@yahoo.com', 2147483647, 'male', '', '0000-00-00', '0000-00-00', 0, 1, 0, '2019-04-25 02:32:16', '0000-00-00 00:00:00', '0000-00-00 00:00:00', 3, 0, 0),
(136, 'Zi Ventura', 'zi_ventura', '6VNwcuwb', 'mugwump@me.com', 2147483647, 'female', '', '0000-00-00', '0000-00-00', 0, 0, 0, '2019-04-25 02:32:16', '0000-00-00 00:00:00', '0000-00-00 00:00:00', 3, 0, 0),
(137, 'Terrence Marshall', 'terrence_marshall', 'HVbBqJUV', 'garyjb@verizon.net', 2147483647, 'female', '', '0000-00-00', '0000-00-00', 0, 0, 0, '2019-04-25 02:32:16', '0000-00-00 00:00:00', '0000-00-00 00:00:00', 3, 0, 0),
(138, 'Orlaith Erickson', 'orlaith_erickson', 'xvsDHPYc', 'jdhildeb@gmail.com', 2147483647, 'male', '', '0000-00-00', '0000-00-00', 0, 1, 0, '2019-04-25 02:32:16', '0000-00-00 00:00:00', '0000-00-00 00:00:00', 3, 0, 0),
(139, 'Yisroel Wall', 'yisroel_wall', 'BWSZ4QxT', 'sburke@optonline.net', 2147483647, 'female', '', '0000-00-00', '0000-00-00', 0, 0, 0, '2019-04-25 02:32:16', '0000-00-00 00:00:00', '0000-00-00 00:00:00', 2, 0, 0),
(140, 'Martina Mills', 'martina_mills', 'vcPUBTG4', 'scarlet@yahoo.com', 2147483647, 'male', '', '0000-00-00', '0000-00-00', 0, 1, 0, '2019-04-25 02:32:16', '0000-00-00 00:00:00', '0000-00-00 00:00:00', 2, 0, 0),
(141, 'Lily-Grace Snow', 'lily-grace_snow', 'PnNGM2Nt', 'pajas@outlook.com', 2147483647, 'male', '', '0000-00-00', '0000-00-00', 0, 1, 0, '2019-04-25 02:32:16', '0000-00-00 00:00:00', '0000-00-00 00:00:00', 2, 0, 0),
(142, 'Keeva Ford', 'keeva_ford', 'fX7DP4E9', 'errxn@mac.com', 2147483647, 'male', '', '0000-00-00', '0000-00-00', 0, 1, 0, '2019-04-25 02:32:16', '0000-00-00 00:00:00', '0000-00-00 00:00:00', 3, 0, 0),
(143, 'Christina Tierney', 'christina_tierney', 'yNaBJLx6', 'ninenine@gmail.com', 2147483647, 'female', '', '0000-00-00', '0000-00-00', 0, 1, 0, '2019-04-25 02:32:16', '0000-00-00 00:00:00', '0000-00-00 00:00:00', 3, 0, 0),
(144, 'Nannie Adam', 'nannie_adam', 'ZWyN6KwN', 'bancboy@me.com', 2147483647, 'male', '', '0000-00-00', '0000-00-00', 0, 1, 0, '2019-04-25 02:32:16', '0000-00-00 00:00:00', '0000-00-00 00:00:00', 3, 0, 0),
(145, 'Carwyn Gillespie', 'carwyn_gillespie', 'GEFwck4w', 'birddog@optonline.net', 2147483647, 'female', '', '0000-00-00', '0000-00-00', 0, 1, 0, '2019-04-25 02:32:16', '0000-00-00 00:00:00', '0000-00-00 00:00:00', 3, 0, 0),
(146, 'Eloise Cruz', 'eloise_cruz', 'GvLTatNc', 'aegreene@verizon.net', 2147483647, 'male', '', '0000-00-00', '0000-00-00', 0, 1, 0, '2019-04-25 02:32:16', '0000-00-00 00:00:00', '0000-00-00 00:00:00', 2, 0, 0),
(147, 'Vikram O''Gallagher', 'vikram_o''gallagher', 'MQjak32b', 'ajlitt@gmail.com', 2147483647, 'female', '', '0000-00-00', '0000-00-00', 0, 1, 0, '2019-04-25 02:32:16', '0000-00-00 00:00:00', '0000-00-00 00:00:00', 3, 0, 0),
(148, 'Bethanie Muir', 'bethanie_muir', '5kKLnKh7', 'jorgb@outlook.com', 2147483647, 'female', '', '0000-00-00', '0000-00-00', 0, 1, 0, '2019-04-25 02:32:16', '0000-00-00 00:00:00', '0000-00-00 00:00:00', 3, 0, 0),
(149, 'Tierney Drew', 'tierney_drew', 'ctXsZNYE', 'chance@me.com', 2147483647, 'male', '', '0000-00-00', '0000-00-00', 0, 0, 0, '2019-04-25 02:32:16', '0000-00-00 00:00:00', '0000-00-00 00:00:00', 2, 0, 0),
(150, 'Rahma Franco', 'rahma_franco', 'bWYTp2rN', 'sjmuir@yahoo.com', 2147483647, 'male', '', '0000-00-00', '0000-00-00', 0, 0, 0, '2019-04-25 02:32:16', '0000-00-00 00:00:00', '0000-00-00 00:00:00', 2, 0, 0),
(151, 'Tamsin Cortez', 'tamsin_cortez', 'DYDKJ7Bn', 'floxy@comcast.net', 2147483647, 'male', '', '0000-00-00', '0000-00-00', 0, 1, 0, '2019-04-25 02:32:16', '0000-00-00 00:00:00', '0000-00-00 00:00:00', 2, 0, 0),
(152, 'Bevan Kenny', 'bevan_kenny', 'CFK7hLuy', 'geekoid@msn.com', 2147483647, 'female', '', '0000-00-00', '0000-00-00', 0, 1, 0, '2019-04-25 02:32:16', '0000-00-00 00:00:00', '0000-00-00 00:00:00', 2, 0, 0),
(153, 'Tayler Bowler', 'tayler_bowler', 'PT6jwfdc', 'nwiger@live.com', 2147483647, 'female', '', '0000-00-00', '0000-00-00', 0, 1, 0, '2019-04-25 02:32:16', '0000-00-00 00:00:00', '0000-00-00 00:00:00', 3, 0, 0),
(154, 'Madelaine Leon', 'madelaine_leon', '9U9PC46B', 'mcmillan@me.com', 2147483647, 'male', '', '0000-00-00', '0000-00-00', 0, 0, 0, '2019-04-25 02:32:16', '0000-00-00 00:00:00', '0000-00-00 00:00:00', 2, 0, 0),
(155, 'Ralphy Spencer', 'ralphy_spencer', 'qYaVATk7', 'crobles@yahoo.ca', 2147483647, 'female', '', '0000-00-00', '0000-00-00', 0, 1, 0, '2019-04-25 02:32:16', '0000-00-00 00:00:00', '0000-00-00 00:00:00', 2, 0, 0),
(156, 'Kenzie Wilkinson', 'kenzie_wilkinson', '4bhfHjDz', 'boein@optonline.net', 2147483647, 'male', '', '0000-00-00', '0000-00-00', 0, 0, 0, '2019-04-25 02:32:16', '0000-00-00 00:00:00', '0000-00-00 00:00:00', 3, 0, 0),
(157, 'Miruna Walters', 'miruna_walters', 'JzPKXTH6', 'leocharre@outlook.com', 2147483647, 'male', '', '0000-00-00', '0000-00-00', 0, 1, 0, '2019-04-25 02:32:16', '0000-00-00 00:00:00', '0000-00-00 00:00:00', 2, 0, 0),
(158, 'Rowan Drake', 'rowan_drake', 'AqeMav8q', 'bsikdar@me.com', 2147483647, 'male', '', '0000-00-00', '0000-00-00', 0, 1, 0, '2019-04-25 02:32:16', '0000-00-00 00:00:00', '0000-00-00 00:00:00', 2, 0, 0),
(159, 'Tony Mclellan', 'tony_mclellan', 'AhfVCXdN', 'nasor@optonline.net', 2147483647, 'female', '', '0000-00-00', '0000-00-00', 0, 1, 0, '2019-04-25 02:32:16', '0000-00-00 00:00:00', '0000-00-00 00:00:00', 2, 0, 0),
(160, 'Ismael Xiong', 'ismael_xiong', '5STNVruk', 'manuals@comcast.net', 2147483647, 'male', '', '0000-00-00', '0000-00-00', 0, 0, 0, '2019-04-25 02:32:16', '0000-00-00 00:00:00', '0000-00-00 00:00:00', 3, 0, 0),
(161, 'Zayan Sutton', 'zayan_sutton', 'uJw3jA38', 'alias@yahoo.com', 2147483647, 'female', '', '0000-00-00', '0000-00-00', 0, 1, 0, '2019-04-25 02:32:16', '0000-00-00 00:00:00', '0000-00-00 00:00:00', 3, 0, 0),
(162, 'Kayley Gregory', 'kayley_gregory', 'P8GUzrra', 'frosal@gmail.com', 2147483647, 'male', '', '0000-00-00', '0000-00-00', 0, 0, 0, '2019-04-25 02:32:16', '0000-00-00 00:00:00', '0000-00-00 00:00:00', 2, 0, 0),
(163, 'Ceara Alcock', 'ceara_alcock', 'Cg7A65Fz', 'lstein@msn.com', 2147483647, 'female', '', '0000-00-00', '0000-00-00', 0, 0, 0, '2019-04-25 02:32:16', '0000-00-00 00:00:00', '0000-00-00 00:00:00', 2, 0, 0),
(164, 'Rudra Patrick', 'rudra_patrick', 'krY53Jjb', 'pdbaby@hotmail.com', 2147483647, 'female', '', '0000-00-00', '0000-00-00', 0, 1, 0, '2019-04-25 02:32:16', '0000-00-00 00:00:00', '0000-00-00 00:00:00', 3, 0, 0),
(165, 'Ilayda Henderson', 'ilayda_henderson', 'jy7nqYF4', 'webteam@mac.com', 2147483647, 'male', '', '0000-00-00', '0000-00-00', 0, 1, 0, '2019-04-25 02:32:16', '0000-00-00 00:00:00', '0000-00-00 00:00:00', 3, 0, 0),
(166, 'Yuvraj Rennie', 'yuvraj_rennie', 's9sEf222', 'arandal@yahoo.ca', 2147483647, 'male', '', '0000-00-00', '0000-00-00', 0, 0, 0, '2019-04-25 02:32:16', '0000-00-00 00:00:00', '0000-00-00 00:00:00', 2, 0, 0),
(167, 'Pixie Lee', 'pixie_lee', 'Y6dFAFxY', 'dunstan@mac.com', 2147483647, 'female', '', '0000-00-00', '0000-00-00', 0, 0, 0, '2019-04-25 02:32:16', '0000-00-00 00:00:00', '0000-00-00 00:00:00', 3, 0, 0),
(168, 'Keenan Archer', 'keenan_archer', 'NzwmMZRj', 'galbra@comcast.net', 2147483647, 'male', '', '0000-00-00', '0000-00-00', 0, 1, 0, '2019-04-25 02:32:16', '0000-00-00 00:00:00', '0000-00-00 00:00:00', 3, 0, 0),
(169, 'Corben Mackay', 'corben_mackay', 'K5fr29rj', 'jmmuller@optonline.net', 2147483647, 'female', '', '0000-00-00', '0000-00-00', 0, 1, 0, '2019-04-25 02:32:16', '0000-00-00 00:00:00', '0000-00-00 00:00:00', 3, 0, 0),
(170, 'Anastazja Booker', 'anastazja_booker', '8tzYk4JA', 'hling@yahoo.com', 2147483647, 'female', '', '0000-00-00', '0000-00-00', 0, 1, 0, '2019-04-25 02:32:16', '0000-00-00 00:00:00', '0000-00-00 00:00:00', 2, 0, 0),
(171, 'Luella Torres', 'luella_torres', 'DfLpJqCj', 'chaikin@live.com', 2147483647, 'male', '', '0000-00-00', '0000-00-00', 0, 0, 0, '2019-04-25 02:32:16', '0000-00-00 00:00:00', '0000-00-00 00:00:00', 2, 0, 0),
(172, 'Yusuf Mcintyre', 'yusuf_mcintyre', 'Du4NTwwg', 'shrapnull@icloud.com', 2147483647, 'female', '', '0000-00-00', '0000-00-00', 0, 0, 0, '2019-04-25 02:32:16', '0000-00-00 00:00:00', '0000-00-00 00:00:00', 3, 0, 0),
(173, 'Edna Juarez', 'edna_juarez', 'v7WbgaxH', 'nimaclea@yahoo.com', 2147483647, 'male', '', '0000-00-00', '0000-00-00', 0, 0, 0, '2019-04-25 02:32:16', '0000-00-00 00:00:00', '0000-00-00 00:00:00', 2, 0, 0),
(174, 'Nylah Blackburn', 'nylah_blackburn', 'ABGsYTxS', 'lridener@gmail.com', 2147483647, 'male', '', '0000-00-00', '0000-00-00', 0, 1, 0, '2019-04-25 02:32:16', '0000-00-00 00:00:00', '0000-00-00 00:00:00', 2, 0, 0),
(175, 'Stan Michael', 'stan_michael', 'hZ5kChSa', 'treit@verizon.net', 2147483647, 'male', '', '0000-00-00', '0000-00-00', 0, 0, 0, '2019-04-25 02:32:16', '0000-00-00 00:00:00', '0000-00-00 00:00:00', 3, 0, 0),
(176, 'Janet Armitage', 'janet_armitage', 'bAUt5dXB', 'wonderkid@gmail.com', 2147483647, 'female', '', '0000-00-00', '0000-00-00', 0, 0, 0, '2019-04-25 02:32:16', '0000-00-00 00:00:00', '0000-00-00 00:00:00', 2, 0, 0),
(177, 'Esmai Mccall', 'esmai_mccall', 'HsJe92cr', 'pmint@comcast.net', 2147483647, 'male', '', '0000-00-00', '0000-00-00', 0, 1, 0, '2019-04-25 02:32:16', '0000-00-00 00:00:00', '0000-00-00 00:00:00', 2, 0, 0),
(178, 'Javan Corona', 'javan_corona', 'Ea9tNx2z', 'bradl@mac.com', 2147483647, 'female', '', '0000-00-00', '0000-00-00', 0, 1, 0, '2019-04-25 02:32:16', '0000-00-00 00:00:00', '0000-00-00 00:00:00', 2, 0, 0),
(179, 'Conna Riley', 'conna_riley', 'dhTgUXwt', 'zyghom@optonline.net', 2147483647, 'male', '', '0000-00-00', '0000-00-00', 0, 0, 0, '2019-04-25 02:32:16', '0000-00-00 00:00:00', '0000-00-00 00:00:00', 3, 0, 0),
(180, 'Valerie Rodriguez', 'valerie_rodriguez', 'xyBzEXEM', 'errxn@msn.com', 2147483647, 'female', '', '0000-00-00', '0000-00-00', 0, 1, 0, '2019-04-25 02:32:16', '0000-00-00 00:00:00', '0000-00-00 00:00:00', 3, 0, 0),
(181, 'Camron Rose', 'camron_rose', 'vK8T9zz8', 'aukjan@sbcglobal.net', 2147483647, 'female', '', '0000-00-00', '0000-00-00', 0, 1, 0, '2019-04-25 02:32:16', '0000-00-00 00:00:00', '0000-00-00 00:00:00', 2, 0, 0),
(182, 'Manisha Ellis', 'manisha_ellis', 'BVwGXDDt', 'yxing@aol.com', 2147483647, 'male', '', '0000-00-00', '0000-00-00', 0, 0, 0, '2019-04-25 02:32:16', '0000-00-00 00:00:00', '0000-00-00 00:00:00', 3, 0, 0),
(183, 'Muhamed Holcomb', 'muhamed_holcomb', 'VaGKZ96L', 'firstpr@icloud.com', 2147483647, 'male', '', '0000-00-00', '0000-00-00', 0, 0, 0, '2019-04-25 02:32:16', '0000-00-00 00:00:00', '0000-00-00 00:00:00', 2, 0, 0),
(184, 'Ursula Gentry', 'ursula_gentry', 'x65EJzCX', 'geekgrl@aol.com', 2147483647, 'female', '', '0000-00-00', '0000-00-00', 0, 1, 0, '2019-04-25 02:32:16', '0000-00-00 00:00:00', '0000-00-00 00:00:00', 2, 0, 0),
(185, 'Savanna Brooks', 'savanna_brooks', 'tRVHkSaf', 'brainless@optonline.net', 2147483647, 'male', '', '0000-00-00', '0000-00-00', 0, 0, 0, '2019-04-25 02:32:16', '0000-00-00 00:00:00', '0000-00-00 00:00:00', 3, 0, 0),
(186, 'Alfie Murray', 'alfie_murray', '5VmKvCyF', 'noahb@yahoo.ca', 2147483647, 'female', '', '0000-00-00', '0000-00-00', 0, 0, 0, '2019-04-25 02:32:16', '0000-00-00 00:00:00', '0000-00-00 00:00:00', 3, 0, 0),
(187, 'Soraya Evans', 'soraya_evans', 'qC8gfmZg', 'mschilli@verizon.net', 2147483647, 'female', '', '0000-00-00', '0000-00-00', 0, 0, 0, '2019-04-25 02:32:16', '0000-00-00 00:00:00', '0000-00-00 00:00:00', 2, 0, 0),
(188, 'Malaikah Whitehead', 'malaikah_whitehead', 'QJ4FbRc2', 'lbecchi@gmail.com', 2147483647, 'male', '', '0000-00-00', '0000-00-00', 0, 1, 0, '2019-04-25 02:32:16', '0000-00-00 00:00:00', '0000-00-00 00:00:00', 3, 0, 0),
(189, 'Joann Currie', 'joann_currie', 'SwVBkhjv', 'rhialto@hotmail.com', 2147483647, 'female', '', '0000-00-00', '0000-00-00', 0, 0, 0, '2019-04-25 02:32:16', '0000-00-00 00:00:00', '0000-00-00 00:00:00', 3, 0, 0),
(190, 'Harri Partridge', 'harri_partridge', 'VLefmBCF', 'wayward@icloud.com', 2147483647, 'male', '', '0000-00-00', '0000-00-00', 0, 0, 0, '2019-04-25 02:32:16', '0000-00-00 00:00:00', '0000-00-00 00:00:00', 3, 0, 0),
(191, 'Talitha Grey', 'talitha_grey', 'Pga6bWAf', 'schumer@aol.com', 2147483647, 'male', '', '0000-00-00', '0000-00-00', 0, 1, 0, '2019-04-25 02:32:16', '0000-00-00 00:00:00', '0000-00-00 00:00:00', 3, 0, 0),
(192, 'Stuart Laing', 'stuart_laing', 'Yg9qumAe', 'pjacklam@optonline.net', 2147483647, 'male', '', '0000-00-00', '0000-00-00', 0, 1, 0, '2019-04-25 02:32:16', '0000-00-00 00:00:00', '0000-00-00 00:00:00', 3, 0, 0),
(193, 'Aroush Hampton', 'aroush_hampton', 'pR4n9Rug', 'saridder@optonline.net', 2147483647, 'female', '', '0000-00-00', '0000-00-00', 0, 1, 0, '2019-04-25 02:32:16', '0000-00-00 00:00:00', '0000-00-00 00:00:00', 2, 0, 0),
(194, 'Melanie Wiggins', 'melanie_wiggins', 'amWrpCff', 'csilvers@live.com', 2147483647, 'male', '', '0000-00-00', '0000-00-00', 0, 1, 0, '2019-04-25 02:32:16', '0000-00-00 00:00:00', '0000-00-00 00:00:00', 3, 0, 0),
(195, 'Quentin Boyle', 'quentin_boyle', 'bddfybE7', 'kiddailey@verizon.net', 2147483647, 'female', '', '0000-00-00', '0000-00-00', 0, 0, 0, '2019-04-25 02:32:16', '0000-00-00 00:00:00', '0000-00-00 00:00:00', 3, 0, 0),
(196, 'Isabella-Rose Carney', 'isabella-rose_carney', 'EPWLDFan', 'helger@sbcglobal.net', 2147483647, 'male', '', '0000-00-00', '0000-00-00', 0, 0, 0, '2019-04-25 02:32:16', '0000-00-00 00:00:00', '0000-00-00 00:00:00', 3, 0, 0),
(197, 'Habibah Bowman', 'habibah_bowman', 'UuYAB8ap', 'wonderkid@optonline.net', 2147483647, 'female', '', '0000-00-00', '0000-00-00', 0, 1, 0, '2019-04-25 02:32:16', '0000-00-00 00:00:00', '0000-00-00 00:00:00', 2, 0, 0),
(198, 'Muhammed Hoffman', 'muhammed_hoffman', 'Ve46M5wf', 'sokol@live.com', 2147483647, 'female', '', '0000-00-00', '0000-00-00', 0, 1, 0, '2019-04-25 02:32:16', '0000-00-00 00:00:00', '0000-00-00 00:00:00', 3, 0, 0),
(199, 'Mabel Rooney', 'mabel_rooney', 'zUcPrQvj', 'engelen@icloud.com', 2147483647, 'male', '', '0000-00-00', '0000-00-00', 0, 1, 0, '2019-04-25 02:32:16', '0000-00-00 00:00:00', '0000-00-00 00:00:00', 3, 0, 0),
(200, 'Gareth Smith', 'gareth_smith', 'x2r8BWce', 'grinder@yahoo.ca', 2147483647, 'male', '', '0000-00-00', '0000-00-00', 0, 0, 0, '2019-04-25 02:32:16', '0000-00-00 00:00:00', '0000-00-00 00:00:00', 2, 0, 0),
(201, 'Nikhil Nagdev', 'nikhil_nagdev', 'Nikhil@123', 'nnagdev@gmail.com', 2147483647, 'male', '', '0000-00-00', '0000-00-00', 0, 1, 0, '2019-04-25 02:32:16', '0000-00-00 00:00:00', '0000-00-00 00:00:00', 2, 0, 0);

-- --------------------------------------------------------

--
-- Table structure for table `user_role`
--

CREATE TABLE `user_role` (
  `user_id` int(11) NOT NULL,
  `role` int(11) NOT NULL
) ENGINE=InnoDB DEFAULT CHARSET=latin1;

--
-- Dumping data for table `user_role`
--

INSERT INTO `user_role` (`user_id`, `role`) VALUES
(1, 1);

--
-- Indexes for dumped tables
--

--
-- Indexes for table `batch`
--
ALTER TABLE `batch`
  ADD PRIMARY KEY (`batch_id`);

--
-- Indexes for table `branch`
--
ALTER TABLE `branch`
  ADD PRIMARY KEY (`branch_id`);

--
-- Indexes for table `class`
--
ALTER TABLE `class`
  ADD PRIMARY KEY (`class_id`);

--
-- Indexes for table `role`
--
ALTER TABLE `role`
  ADD PRIMARY KEY (`role_id`);

--
-- Indexes for table `student`
--
ALTER TABLE `student`
  ADD PRIMARY KEY (`student_id`);

--
-- Indexes for table `subject`
--
ALTER TABLE `subject`
  ADD PRIMARY KEY (`subject_id`);

--
-- Indexes for table `teacher`
--
ALTER TABLE `teacher`
  ADD PRIMARY KEY (`teacher_id`);

--
-- Indexes for table `user`
--
ALTER TABLE `user`
  ADD PRIMARY KEY (`user_id`);

--
-- Indexes for table `user_role`
--
ALTER TABLE `user_role`
  ADD PRIMARY KEY (`user_id`);

--
-- AUTO_INCREMENT for dumped tables
--

--
-- AUTO_INCREMENT for table `branch`
--
ALTER TABLE `branch`
  MODIFY `branch_id` int(11) NOT NULL AUTO_INCREMENT, AUTO_INCREMENT=6;
--
-- AUTO_INCREMENT for table `class`
--
ALTER TABLE `class`
  MODIFY `class_id` int(11) NOT NULL AUTO_INCREMENT, AUTO_INCREMENT=5;
--
-- AUTO_INCREMENT for table `role`
--
ALTER TABLE `role`
  MODIFY `role_id` int(11) NOT NULL AUTO_INCREMENT;
--
-- AUTO_INCREMENT for table `student`
--
ALTER TABLE `student`
  MODIFY `student_id` int(11) NOT NULL AUTO_INCREMENT, AUTO_INCREMENT=185;
--
-- AUTO_INCREMENT for table `subject`
--
ALTER TABLE `subject`
  MODIFY `subject_id` int(11) NOT NULL AUTO_INCREMENT, AUTO_INCREMENT=11;
--
-- AUTO_INCREMENT for table `teacher`
--
ALTER TABLE `teacher`
  MODIFY `teacher_id` int(11) NOT NULL AUTO_INCREMENT, AUTO_INCREMENT=12;
--
-- AUTO_INCREMENT for table `user`
--
ALTER TABLE `user`
  MODIFY `user_id` int(11) NOT NULL AUTO_INCREMENT, AUTO_INCREMENT=202;
/*!40101 SET CHARACTER_SET_CLIENT=@OLD_CHARACTER_SET_CLIENT */;
/*!40101 SET CHARACTER_SET_RESULTS=@OLD_CHARACTER_SET_RESULTS */;
/*!40101 SET COLLATION_CONNECTION=@OLD_COLLATION_CONNECTION */;
